[
  {
    "name": "Acro Bike",
    "type": "toggle",
    "img": "/images/items/acro_bike.png",
    "codes": "acro_bike"
  },
  {
    "name": "Aurora Ticket",
    "type": "toggle",
    "img": "/images/items/aurora_ticket.png",
    "codes": "aurora_ticket"
  },
  {
    "name": "Balance Badge",
    "type": "toggle",
    "img": "/images/items/balance_badge.png",
    "codes": "balance_badge"
  },
  {
    "name": "Basement Key",
    "type": "toggle",
    "img": "/images/items/basement_key.png",
    "codes": "basement_key"
  },
  {
    "name": "Devon Goods",
    "type": "toggle",
    "img": "/images/items/devon_goods.png",
    "codes": "devon_goods"
  },
  {
    "name": "Devon Scope",
    "type": "toggle",
    "img": "/images/items/devon_scope.png",
    "codes": "devon_scope"
  },
  {
    "name": "Dynamo Badge",
    "type": "toggle",
    "img": "/images/items/dynamo_badge.png",
    "codes": "dynamo_badge"
  },
  {
    "name": "Eon Ticket",
    "type": "toggle",
    "img": "/images/items/eon_ticket.png",
    "codes": "eon_ticket"
  },
  {
    "name": "Feather Badge",
    "type": "toggle",
    "img": "/images/items/feather_badge.png",
    "codes": "feather_badge"
  },
  {
    "name": "Go-Goggles",
    "type": "toggle",
    "img": "/images/items/go_goggles.png",
    "codes": "go_goggles"
  },
  {
    "name": "Harbor Mail",
    "type": "toggle",
    "img": "/images/items/harbor_mail.png",
    "codes": "harbor_mail"
  },
  {
    "name": "Heat Badge",
    "type": "toggle",
    "img": "/images/items/heat_badge.png",
    "codes": "heat_badge"
  },
  {
    "name": "HM01 Cut",
    "type": "toggle",
    "img": "/images/items/normal_hm.png",
    "img_mods": "overlay|/images/overlays/1_small.png",
    "codes": "hm01_cut"
  },
  {
    "name": "HM02 Fly",
    "type": "toggle",
    "img": "/images/items/flying_hm.png",
    "img_mods": "overlay|/images/overlays/2_small.png",
    "codes": "hm02_fly"
  },
  {
    "name": "HM03 Surf",
    "type": "toggle",
    "img": "/images/items/water_hm.png",
    "img_mods": "overlay|/images/overlays/3_small.png",
    "codes": "hm03_surf"
  },
  {
    "name": "HM04 Strength",
    "type": "toggle",
    "img": "/images/items/normal_hm.png",
    "img_mods": "overlay|/images/overlays/4_small.png",
    "codes": "hm04_strength"
  },
  {
    "name": "HM05 Flash",
    "type": "toggle",
    "img": "/images/items/normal_hm.png",
    "img_mods": "overlay|/images/overlays/5_small.png",
    "codes": "hm05_flash"
  },
  {
    "name": "HM06 Rock Smash",
    "type": "toggle",
    "img": "/images/items/fighting_hm.png",
    "img_mods": "overlay|/images/overlays/6_small.png",
    "codes": "hm06_rock_smash"
  },
  {
    "name": "HM07 Waterfall",
    "type": "toggle",
    "img": "/images/items/water_hm.png",
    "img_mods": "overlay|/images/overlays/7_small.png",
    "codes": "hm07_waterfall"
  },
  {
    "name": "HM08 Dive",
    "type": "toggle",
    "img": "/images/items/water_hm.png",
    "img_mods": "overlay|/images/overlays/8_small.png",
    "codes": "hm08_dive"
  },
  {
    "name": "Itemfinder",
    "type": "toggle",
    "img": "/images/items/itemfinder.png",
    "codes": "itemfinder"
  },
  {
    "name": "Knuckle Badge",
    "type": "toggle",
    "img": "/images/items/knuckle_badge.png",
    "codes": "knuckle_badge"
  },
  {
    "name": "Letter",
    "type": "toggle",
    "img": "/images/items/letter.png",
    "codes": "letter"
  },
  {
    "name": "Mach Bike",
    "type": "toggle",
    "img": "/images/items/mach_bike.png",
    "codes": "mach_bike"
  },
  {
    "name": "Magma Emblem",
    "type": "toggle",
    "img": "/images/items/magma_emblem.png",
    "codes": "magma_emblem"
  },
  {
    "name": "Meteorite",
    "type": "toggle",
    "img": "/images/items/meteorite.png",
    "codes": "meteorite"
  },
  {
    "name": "Mind Badge",
    "type": "toggle",
    "img": "/images/items/mind_badge.png",
    "codes": "mind_badge"
  },
  {
    "name": "Mystic Ticket",
    "type": "toggle",
    "img": "/images/items/mystic_ticket.png",
    "codes": "mystic_ticket"
  },
  {
    "name": "Old Sea Map",
    "type": "toggle",
    "img": "/images/items/old_sea_map.png",
    "codes": "old_sea_map"
  },
  {
    "name": "Pokeblock Case",
    "type": "toggle",
    "img": "/images/items/pokeblock_case.png",
    "codes": "pokeblock_case"
  },
  {
    "name": "Rain Badge",
    "type": "toggle",
    "img": "/images/items/rain_badge.png",
    "codes": "rain_badge"
  },
  {
    "name": "Room 1 Key",
    "type": "toggle",
    "img": "/images/items/room_key.png",
    "img_mods": "overlay|/images/overlays/1_small.png",
    "codes": "room_1_key"
  },
  {
    "name": "Room 2 Key",
    "type": "toggle",
    "img": "/images/items/room_key.png",
    "img_mods": "overlay|/images/overlays/2_small.png",
    "codes": "room_2_key"
  },
  {
    "name": "Room 4 Key",
    "type": "toggle",
    "img": "/images/items/room_key.png",
    "img_mods": "overlay|/images/overlays/4_small.png",
    "codes": "room_4_key"
  },
  {
    "name": "Room 6 Key",
    "type": "toggle",
    "img": "/images/items/room_key.png",
    "img_mods": "overlay|/images/overlays/6_small.png",
    "codes": "room_6_key"
  },
  {
    "name": "S.S. Ticket",
    "type": "toggle",
    "img": "/images/items/ss_ticket.png",
    "codes": "ss_ticket"
  },
  {
    "name": "Scanner",
    "type": "toggle",
    "img": "/images/items/scanner.png",
    "codes": "scanner"
  },
  {
    "name": "Stone Badge",
    "type": "toggle",
    "img": "/images/items/stone_badge.png",
    "codes": "stone_badge"
  },
  {
    "name": "Storage Key",
    "type": "toggle",
    "img": "/images/items/storage_key.png",
    "codes": "storage_key"
  },
  {
    "name": "Wailmer Pail",
    "type": "toggle",
    "img": "/images/items/wailmer_pail.png",
    "codes": "wailmer_pail"
  },
  {
    "name": "Old Rod",
    "type": "toggle",
    "img": "/images/items/oldrod.png",
    "codes": "old_rod"
  },
  {
    "name": "Good Rod",
    "type": "toggle",
    "img": "/images/items/goodrod.png",
    "codes": "good_rod"
  },
  {
    "name": "Super Rod",
    "type": "toggle",
    "img": "/images/items/superrod.png",
    "codes": "super_rod"
  }
]