[
	{
		"name": "hoennmap",
		"location_size": 6,
		"location_border_thickness": 1,
		"img": "images/maps/hoennmap.png"
	},
	{
		"name": "granitecave",
		"location_size": 24,
		"location_border_thickness": 3,
		"img": "images/maps/granitecave.png"
	},
	{
		"name": "meteorfalls",
		"location_size": 25,
		"location_border_thickness": 3,
		"img": "images/maps/meteorfalls.png"
	},
	{
		"name": "magmahideout",
		"location_size": 35,
		"location_border_thickness": 5,
		"img": "images/maps/magmahideout.png"
	},
	{
		"name": "abandonedship",
		"location_size": 12,
		"location_border_thickness": 2,
		"img": "images/maps/abandonedship.png"
	},
	{
		"name": "safari",
		"location_size": 40,
		"location_border_thickness": 6,
		"img": "images/maps/safari.png"
	},
	{
		"name": "mtpyre_int",
		"location_size": 15,
		"location_border_thickness": 2,
		"img": "images/maps/mtpyre_int.png"
	},
	{
		"name": "mtpyre_ext",
		"location_size": 25,
		"location_border_thickness": 3,
		"img": "images/maps/mtpyre_ext.png"
	},
	{
		"name": "aquahideout",
		"location_size": 20,
		"location_border_thickness": 3,
		"img": "images/maps/aquahideout.png"
	},
	{
		"name": "shoalcave",
		"location_size": 30,
		"location_border_thickness": 4,
		"img": "images/maps/shoalcave.png"
	},
	{
		"name": "victoryroad",
		"location_size": 26,
		"location_border_thickness": 3,
		"img": "images/maps/victoryroad.png"
	},
	{
		"name": "artisancave",
		"location_size": 10,
		"location_border_thickness": 2,
		"img": "images/maps/artisancave.png"
	},
	{
		"name": "rt132_134",
		"location_size": 40,
		"location_border_thickness": 5,
		"img": "images/maps/rt132_134.png"
	},
	{
	  "name": "pokedex_1",
	  "location_size": 28,
	  "location_border_thickness": 1,
	  "img": "images/maps/pokedex_1.png"
	},
	{
	  "name": "pokedex_2",
	  "location_size": 28,
	  "location_border_thickness": 1,
	  "img": "images/maps/pokedex_2.png"
	},
	{
	  "name": "pokedex_3",
	  "location_size": 28,
	  "location_border_thickness": 1,
	  "img": "images/maps/pokedex_3.png"
	},
	{
	  "name": "pokedex_4",
	  "location_size": 28,
	  "location_border_thickness": 1,
	  "img": "images/maps/pokedex_4.png"
	}
]
