{
	"tracker_broadcast":
  {
    "type": "dock",
    "dock": "top",
    "content":
    [
      {
        "type": "group",
        "header": "Items",
        "dock": "top",
        "margin": "0,0,3,0",
        "content":
        {
          "type": "layout",
          "h_alignment": "center",
          "v_alignment": "center",
          "key": "item_grid"
        }
      },
      {
        "type": "group",
        "header": "Events",
        "dock": "top",
        "margin": "0,0,3,0",
        "content":
        {
          "type": "layout",
          "h_alignment": "center",
          "v_alignment": "center",
          "key": "event_grid"
        }
      }
    ]
  }
}