{
  "event_grid":
  {
    "type": "array",
    "orientation": "vertical",
    "margin": "0,0",
    "content":
    [
      {
        "type": "array",
        "orientation": "horizontal",
        "margin": "0,0",
        "content":
        [
          {
            "type": "itemgrid",
            "item_margin": "2,2",
            "item_size": "176,32",
            "h_alignment": "left",
            "rows":
            [
              ["free_fly_setting"]
            ]
          },
          {
            "type": "itemgrid",
            "item_margin": "2,2",
            "h_alignment": "left",
            "rows":
            [
              ["terra_cave_setting","marine_cave_setting"]
            ]
          }
        ]
      },
      {
        "type": "array",
        "orientation": "horizontal",
        "margin": "0,0",
        "content":
        [
          {
            "type": "itemgrid",
            "item_margin": "2,2",
            "h_alignment": "center",
            "rows":
            [
              ["defeat_roxanne","defeat_brawly","defeat_wattson","defeat_flannery","defeat_norman","defeat_winona","defeat_tate_and_liza","defeat_juan"],
              ["talk_mr_stone","deliver_letter","rescue_stern","magma_steals_meteorite","defeat_shelly","release_groudon","aqua_steals_submarine","defeat_matt"],
              ["defeat_maxie","steven_gives_dive","release_kyogre","defeat_champion","defeat_steven","legendary_hunt_count"]
            ]
          }
        ]
      }
    ]
  }
}