{
	"tabbed_maps": {
		"type": "tabbed",
		"tabs": [
			{
				"title": "Hoenn",
				"content": {
					"type": "map",
					"maps": ["hoennmap"]
				}
			},
			{
				"title": "Granite Cave",
				"content": {
					"type": "map",
					"maps": ["granitecave"]
				}
			},
			{
				"title": "Meteor Falls",
				"content": {
					"type": "map",
					"maps": ["meteorfalls"]
				}
			},
			{
				"title": "Magma Hideout",
				"content": {
					"type": "map",
					"maps": ["magmahideout"]
				}
			},
			{
				"title": "Abandoned Ship",
				"content": {
					"type": "map",
					"maps": ["abandonedship"]
				}
			},
			{
				"title": "Safari Zone",
				"content": {
					"type": "map",
					"maps": ["safari"]
				}
			},
			{
				"title": "Mt Pyre Int",
				"content": {
					"type": "map",
					"maps": ["mtpyre_int"]
				}
			},
			{
				"title": "Mt Pyre Ext",
				"content": {
					"type": "map",
					"maps": ["mtpyre_ext"]
				}
			},
			{
				"title": "Aqua Hideout",
				"content": {
					"type": "map",
					"maps": ["aquahideout"]
				}
			},
			{
				"title": "Shoal Cave",
				"content": {
					"type": "map",
					"maps": ["shoalcave"]
				}
			},
			{
				"title": "Victory Road",
				"content": {
					"type": "map",
					"maps": ["victoryroad"]
				}
			},
			{
				"title": "Rt. 132-134",
				"content": {
					"type": "map",
					"maps": ["rt132_134"]
				}
			}
		]
	}
}
