﻿{
	"layouts": {
		"tracker_default": {
			"type": "container",
			"background": "#000000",
			"content": {
				"type": "dock",
				"dropshadow": true,
				"content": [
					{
						"type": "dock",
						"dock": "bottom",
						"content": [
							{
								"type": "dock",
								"dock": "top",
								"v_alignment": "stretch",
								"content": [
									{
										"type": "group",
										"header": "Items",
										"dock": "left",
										"content": {
											"type": "layout",
											"h_alignment": "center",
											"v_alignment": "center",
											"key": "item_grid"
										}
									},
									{
										"type": "group",
										"header": "Events",
										"dock": "left",
										"margin": "0,0,3,0",
										"content": {
											"type": "layout",
											"h_alignment": "center",
											"v_alignment": "center",
											"key": "event_grid"
										}
									}
								]
							}
						]
					},
					{
						"type": "array",
						"v_alignment": "stretch",
						"margin": "0, 0",
						"content": [
						  {
							"type": "tabbed",
							"dock": "top",
							"content": [     
									{
											"title": "Hoenn",
											"type": "tabbed",
											"tabs": [
											{
												"title": "Hoenn",
												"content": {
												"type":"map",
												"maps": ["hoennmap"]
												}
											}
										]                  
									},
									{
											"title": "Sub Areas",
											"type": "tabbed",
											"tabs": [
											{
												"title": "Granite Cave",
												"content": {
												"type":"map",
												"maps": ["granitecave"]
												}
											},
											{
												"title": "Meteor Falls",
												"content": {
												"type":"map",
												"maps": ["meteorfalls"]
												}
											},
											{
												"title": "Magma Hideout",
												"content": {
												"type":"map",
												"maps": ["magmahideout"]
												}
											},
											{
												"title": "Abandoned Ship",
												"content": {
												"type":"map",
												"maps": ["abandonedship"]
												}
											},
											{                      
												"title": "Safari Zone",
												"content": {
												"type":"map",
												"maps": ["safari"]
												}
											},
											{                      
												"title": "Mt. Pyre Int",
												"content": {
												"type":"map",
												"maps": ["mtpyre_int"]
												}
											},
											{
												"title": "Mt Pyre Ext",
												"content": {
												"type":"map",
												"maps": ["mtpyre_ext"]
												}
											},
											{
												"title": "Aqua Hideout",
												"content": {
												"type":"map",
												"maps": ["aquahideout"]
												}
											},
											{
												"title": "Shoal Cave",
												"content": {
												"type":"map",
												"maps": ["shoalcave"]
												}
											},
											{                      
												"title": "Victory Road",
												"content": {
												"type":"map",
												"maps": ["victoryroad"]
												}
											},
											{                      
												"title": "Rt. 132-134",
												"content": {
												"type":"map",
												"maps": ["rt132_134"]
												}
											}
										]
									},
									{
											"title": "Pokedex",
											"type": "tabbed",
											"tabs": [
												{
													"type": "dock",
													"dock": "top",
													"title": "Gen 1 Pokedex 1-151",
													"v_alignment": "stretch",
													"content": [
														{
															"type": "group",
															"header": "Gen 1 Pokedex",
															"dock": "center",
															"content": {
																"type": "layout",
																"h_alignment": "center",
																"v_alignment": "center",
																"key": "pokedex_grid_1"
															}
														}
													]
												},
												{
													"type": "dock",
													"dock": "top",
													"title": "Gen 2 Pokedex 152-250",
													"v_alignment": "stretch",
													"content": [
														{
															"type": "group",
															"header": "Gen 2 Pokedex",
															"dock": "center",
															"content": {
																"type": "layout",
																"h_alignment": "center",
																"v_alignment": "center",
																"key": "pokedex_grid_2"
															}
														}
													]
												},
												{
													"type": "dock",
													"dock": "top",
													"title": "Gen 3 Pokedex 251-386",
													"v_alignment": "stretch",
													"content": [
														{
															"type": "group",
															"header": "Gen 3 Pokedex",
															"dock": "center",
															"content": {
																"type": "layout",
																"h_alignment": "center",
																"v_alignment": "center",
																"key": "pokedex_grid_3"
															}
														}
													]
												}
										]
									}
								]
						  	}
						]
					}
				]
			}
		},
	    "settings_popup":
		{
			"type": "array",
			"orientation": "horizontal",
			"h_alignment": "left",
			"content": [
				{
				"type": "group",
				"header": "Settings",
				"dock": "bottom",
				"content": {
				"type": "layout",
				"key": "setting_grid"
					}	
				}
			]
		}
	}
}