[
  {
    "name": "Battle Frontier",
    "chest_unopened_img": "/images/locations/pokeball_closed.png",
		"chest_opened_img": "/images/locations/pokeball_open_bw.png",
    "children":
    [
      {
        "name": "Artisan Cave",
        "access_rules": ["^$battle_frontier_access,^$surf,wailmer_pail"],
        "sections":
        [
          {
            "name": "B1F - Hidden Item 2",
            "chest_unopened_img": "/images/locations/hidden_item.png",
		        "chest_opened_img": "/images/locations/hidden_item_bw.png",
            "access_rules": ["^$hidden"],
            "visibility_rules": ["hidden_on"]
          },
          {
            "name": "B1F - Item",
            "visibility_rules": ["overworld_on"]
          },
          {
            "name": "B1F - Hidden Item 4",
            "chest_unopened_img": "/images/locations/hidden_item.png",
		        "chest_opened_img": "/images/locations/hidden_item_bw.png",
            "access_rules": ["^$hidden"],
            "visibility_rules": ["hidden_on"]
          },
          {
            "name": "B1F - Hidden Item 1",
            "chest_unopened_img": "/images/locations/hidden_item.png",
		        "chest_opened_img": "/images/locations/hidden_item_bw.png",
            "access_rules": ["^$hidden"],
            "visibility_rules": ["hidden_on"]
          },
          {
            "name": "B1F - Hidden Item 3",
            "chest_unopened_img": "/images/locations/hidden_item.png",
		        "chest_opened_img": "/images/locations/hidden_item_bw.png",
            "access_rules": ["^$hidden"],
            "visibility_rules": ["hidden_on"]
          },
          {
            "name": "1F - Item",
            "visibility_rules": ["overworld_on"]
          }
        ],
        "map_locations":
        [
          {
            "map": "hoennmap",
            "x": 188,
            "y": 116
          }
        ]
      }
    ]
  }
]