[
  {
    "name": "Islands",
    "chest_unopened_img": "/images/locations/pokeball_closed.png",
		"chest_opened_img": "/images/locations/pokeball_open_bw.png",
    "children":
    [
      {
        "name": "Southern Island",
        "access_rules": ["^$lilycove_access,eon_ticket"],
        "sections":
        [
          {
            "name": "Defeat Latias",
            "chest_unopened_img": "/images/locations/latias.png",
		        "chest_opened_img": "/images/locations/latias_bw.png",
            "visibility_rules": ["$legendary_hunt_defeat,$legendary_hunt|Latias"]
          },
          {
            "name": "Catch Latias",
            "chest_unopened_img": "/images/locations/latias.png",
		        "chest_opened_img": "/images/locations/latias_bw.png",
            "access_rules": ["[^$defeat_champion]"],
            "visibility_rules": ["$legendary_hunt_catch,$legendary_hunt|Latias"]
          }
        ],
        "map_locations":
        [
          {
            "map": "hoennmap",
            "x": 108,
            "y": 132
          }
        ]
      },
      {
        "name": "Faraway Island",
        "access_rules": ["^$lilycove_access,old_sea_map"],
        "sections":
        [
          {
            "name": "Defeat Mew",
            "chest_unopened_img": "/images/locations/mew.png",
		        "chest_opened_img": "/images/locations/mew_bw.png",
            "visibility_rules": ["$legendary_hunt_defeat,$legendary_hunt|Mew"]
          },
          {
            "name": "Catch Mew",
            "chest_unopened_img": "/images/locations/mew.png",
		        "chest_opened_img": "/images/locations/mew_bw.png",
            "access_rules": ["[^$defeat_champion]"],
            "visibility_rules": ["$legendary_hunt_catch,$legendary_hunt|Mew"]
          }
        ],
        "map_locations":
        [
          {
            "map": "hoennmap",
            "x": 172,
            "y": 12
          }
        ]
      },
      {
        "name": "Birth Island",
        "access_rules": ["^$lilycove_access,aurora_ticket"],
        "sections":
        [
          {
            "name": "Defeat Deoxys",
            "chest_unopened_img": "/images/locations/deoxys.png",
		        "chest_opened_img": "/images/locations/deoxys_bw.png",
            "visibility_rules": ["$legendary_hunt_defeat,$legendary_hunt|Deoxys"]
          },
          {
            "name": "Catch Deoxys",
            "chest_unopened_img": "/images/locations/deoxys.png",
		        "chest_opened_img": "/images/locations/deoxys_bw.png",
            "access_rules": ["[^$defeat_champion]"],
            "visibility_rules": ["$legendary_hunt_catch,$legendary_hunt|Deoxys"]
          }
        ],
        "map_locations":
        [
          {
            "map": "hoennmap",
            "x": 188,
            "y": 12
          }
        ]
      },
      {
        "name": "Navel Rock",
        "access_rules": ["^$lilycove_access,mystic_ticket"],
        "sections":
        [
          {
            "name": "Hidden Item Sacred Ash",
            "chest_unopened_img": "/images/locations/hidden_item.png",
		        "chest_opened_img": "/images/locations/hidden_item_bw.png",
            "access_rules": ["^$hidden"],
            "visibility_rules": ["hidden_on"]
          },
          {
            "name": "Defeat Lugia",
            "chest_unopened_img": "/images/locations/lugia.png",
		        "chest_opened_img": "/images/locations/lugia_bw.png",
            "visibility_rules": ["$legendary_hunt_defeat,$legendary_hunt|Lugia"]
          },
          {
            "name": "Catch Lugia",
            "chest_unopened_img": "/images/locations/lugia.png",
		        "chest_opened_img": "/images/locations/lugia_bw.png",
            "access_rules": ["[^$defeat_champion]"],
            "visibility_rules": ["$legendary_hunt_catch,$legendary_hunt|Lugia"]
          },
          {
            "name": "Defeat Ho-oh",
            "chest_unopened_img": "/images/locations/ho-oh.png",
		        "chest_opened_img": "/images/locations/ho-oh_bw.png",
            "visibility_rules": ["$legendary_hunt_defeat,$legendary_hunt|Ho-oh"]
          },
          {
            "name": "Catch Ho-oh",
            "chest_unopened_img": "/images/locations/ho-oh.png",
		        "chest_opened_img": "/images/locations/ho-oh_bw.png",
            "access_rules": ["[^$defeat_champion]"],
            "visibility_rules": ["$legendary_hunt_catch,$legendary_hunt|Ho-oh"]
          }
        ],
        "map_locations":
        [
          {
            "map": "hoennmap",
            "x": 204,
            "y": 12
          }
        ]
      }
    ]
  }
]