[
    {
        "name": "Dungeons",
        "chest_unopened_img": "/images/locations/pokeball_closed.png",
        "chest_opened_img": "/images/locations/pokeball_open_bw.png",
        "children": [
            {
                "name": "",
                "sections": [
                    {
                        "ref": "Dungeons/Granite Cave/1F - HM05 from Hiker"
                    },
                    {
                        "ref": "Dungeons/Granite Cave/​1F - HM05 from Hiker"
                    }
                ],
                "map_locations": [
                    {
                        "map": "granitecave",
                        "x": 575,
                        "y": 154
                    }
                ]
            },
            {
                "name": "",
                "sections": [
                    {
                        "ref": "Dungeons/Granite Cave/1F - Item Before Ladder"
                    }
                ],
                "map_locations": [
                    {
                        "map": "granitecave",
                        "x": 280,
                        "y": 129
                    }
                ]
            },
            {
                "name": "",
                "sections": [
                    {
                        "ref": "Dungeons/Granite Cave/B1F - Item in Alcove"
                    }
                ],
                "map_locations": [
                    {
                        "map": "granitecave",
                        "x": 264,
                        "y": 601
                    }
                ]
            },
            {
                "name": "",
                "sections": [
                    {
                        "ref": "Dungeons/Granite Cave/B2F - Item After Mud Slope"
                    }
                ],
                "map_locations": [
                    {
                        "map": "granitecave",
                        "x": 630,
                        "y": 332
                    }
                ]
            },
            {
                "name": "",
                "sections": [
                    {
                        "ref": "Dungeons/Granite Cave/B2F - Item After Crumbling Floor"
                    }
                ],
                "map_locations": [
                    {
                        "map": "granitecave",
                        "x": 1032,
                        "y": 332
                    }
                ]
            },
            {
                "name": "",
                "sections": [
                    {
                        "ref": "Dungeons/Granite Cave/B2F - Hidden Item on Platform"
                    }
                ],
                "map_locations": [
                    {
                        "map": "granitecave",
                        "x": 807,
                        "y": 439
                    }
                ]
            },
            {
                "name": "",
                "sections": [
                    {
                        "ref": "Dungeons/Granite Cave/B2F - Hidden Item After Crumbling Floor"
                    }
                ],
                "map_locations": [
                    {
                        "map": "granitecave",
                        "x": 1015,
                        "y": 359
                    }
                ]
            },
            {
                "name": "",
                "sections": [
                    {
                        "ref": "Dungeons/Granite Cave/1F - TM47 from Steven"
                    },
                    {
                        "ref": "Dungeons/Granite Cave/Deliver Letter"
                    }
                ],
                "map_locations": [
                    {
                        "map": "granitecave",
                        "x": 808,
                        "y": 151
                    }
                ]
            },
            {
                "name": "",
                "sections": [
                    {
                        "ref": "Dungeons/Meteor Falls/1F - Item Northeast"
                    }
                ],
                "map_locations": [
                    {
                        "map": "meteorfalls",
                        "x": 444,
                        "y": 103
                    }
                ]
            },
            {
                "name": "",
                "sections": [
                    {
                        "ref": "Dungeons/Meteor Falls/1F - Item West"
                    }
                ],
                "map_locations": [
                    {
                        "map": "meteorfalls",
                        "x": 40,
                        "y": 231
                    }
                ]
            },
            {
                "name": "",
                "sections": [
                    {
                        "ref": "Dungeons/Meteor Falls/1F - Item Below Waterfall"
                    }
                ],
                "map_locations": [
                    {
                        "map": "meteorfalls",
                        "x": 432,
                        "y": 527
                    }
                ]
            },
            {
                "name": "",
                "sections": [
                    {
                        "ref": "Dungeons/Meteor Falls/1F - Item Before Steven's Cave"
                    }
                ],
                "map_locations": [
                    {
                        "map": "meteorfalls",
                        "x": 47,
                        "y": 95
                    }
                ]
            },
            {
                "name": "",
                "sections": [
                    {
                        "ref": "Dungeons/Meteor Falls/B1F - Item in North Cave"
                    }
                ],
                "map_locations": [
                    {
                        "map": "meteorfalls",
                        "x": 1506,
                        "y": 63
                    }
                ]
            },
            {
                "name": "",
                "sections": [
                    {
                        "ref": "Dungeons/Meteor Falls/1F - Team Magma Steals Meteorite"
                    }
                ],
                "map_locations": [
                    {
                        "map": "meteorfalls",
                        "x": 207,
                        "y": 347
                    }
                ]
            },
            {
                "name": "",
                "sections": [
                    {
                        "ref": "Dungeons/Meteor Falls/1F - Defeat Steven"
                    }
                ],
                "map_locations": [
                    {
                        "map": "meteorfalls",
                        "x": 1908,
                        "y": 54
                    }
                ]
            },
            {
                "name": "",
                "sections": [
                    {
                        "ref": "Dungeons/Team Team Magma Hideout/1F - Item on Ledge"
                    }
                ],
                "map_locations": [
                    {
                        "map": "magmahideout",
                        "x": 57,
                        "y": 324
                    }
                ]
            },
            {
                "name": "",
                "sections": [
                    {
                        "ref": "Dungeons/Team Team Magma Hideout/2F - Item on West Platform"
                    }
                ],
                "map_locations": [
                    {
                        "map": "magmahideout",
                        "x": 1289,
                        "y": 259
                    }
                ]
            },
            {
                "name": "",
                "sections": [
                    {
                        "ref": "Dungeons/Team Team Magma Hideout/2F - Item on East Platform"
                    }
                ],
                "map_locations": [
                    {
                        "map": "magmahideout",
                        "x": 1398,
                        "y": 277
                    }
                ]
            },
            {
                "name": "",
                "sections": [
                    {
                        "ref": "Dungeons/Team Team Magma Hideout/3F - Item Before Last Floor"
                    }
                ],
                "map_locations": [
                    {
                        "map": "magmahideout",
                        "x": 154,
                        "y": 866
                    }
                ]
            },
            {
                "name": "",
                "sections": [
                    {
                        "ref": "Dungeons/Team Team Magma Hideout/3F - Item in Drill Room"
                    }
                ],
                "map_locations": [
                    {
                        "map": "magmahideout",
                        "x": 150,
                        "y": 1122
                    }
                ]
            },
            {
                "name": "",
                "sections": [
                    {
                        "ref": "Dungeons/Team Team Magma Hideout/3F - Item After Groudon"
                    }
                ],
                "map_locations": [
                    {
                        "map": "magmahideout",
                        "x": 1503,
                        "y": 916
                    }
                ]
            },
            {
                "name": "",
                "sections": [
                    {
                        "ref": "Dungeons/Team Team Magma Hideout/4F - Item Before Groudon"
                    }
                ],
                "map_locations": [
                    {
                        "map": "magmahideout",
                        "x": 501,
                        "y": 721
                    }
                ]
            },
            {
                "name": "",
                "sections": [
                    {
                        "ref": "Dungeons/Team Team Magma Hideout/Team Magma - Clear Hideout"
                    }
                ],
                "map_locations": [
                    {
                        "map": "magmahideout",
                        "x": 734,
                        "y": 945
                    }
                ]
            },
            {
                "name": "",
                "sections": [
                    {
                        "ref": "Dungeons/Abandoned Ship/1F - Item in East Side Northwest Room"
                    }
                ],
                "map_locations": [
                    {
                        "map": "abandonedship",
                        "x": 446,
                        "y": 82
                    }
                ]
            },
            {
                "name": "",
                "sections": [
                    {
                        "ref": "Dungeons/Abandoned Ship/1F - Item in West Side North Room"
                    }
                ],
                "map_locations": [
                    {
                        "map": "abandonedship",
                        "x": 318,
                        "y": 82
                    }
                ]
            },
            {
                "name": "",
                "sections": [
                    {
                        "ref": "Dungeons/Abandoned Ship/B1F - Item in North Rooms"
                    }
                ],
                "map_locations": [
                    {
                        "map": "abandonedship",
                        "x": 112,
                        "y": 244
                    }
                ]
            },
            {
                "name": "",
                "sections": [
                    {
                        "ref": "Dungeons/Abandoned Ship/B1F - Item in South Rooms"
                    }
                ],
                "map_locations": [
                    {
                        "map": "abandonedship",
                        "x": 96,
                        "y": 342
                    }
                ]
            },
            {
                "name": "",
                "sections": [
                    {
                        "ref": "Dungeons/Abandoned Ship/Captain's Office Key"
                    },
                    {
                        "ref": "Dungeons/Abandoned Ship/​Captain's Office Key"
                    }
                ],
                "map_locations": [
                    {
                        "map": "abandonedship",
                        "x": 448,
                        "y": 310
                    }
                ]
            },
            {
                "name": "",
                "sections": [
                    {
                        "ref": "Dungeons/Abandoned Ship/B1F - Item in Storage Room"
                    }
                ],
                "map_locations": [
                    {
                        "map": "abandonedship",
                        "x": 192,
                        "y": 244
                    }
                ]
            },
            {
                "name": "Room 1",
                "sections": [
                    {
                        "ref": "Dungeons/Abandoned Ship/HF - Item in Room 1"
                    },
                    {
                        "ref": "Dungeons/Abandoned Ship/HF - Hidden Item in Room 1"
                    },
                    {
                        "ref": "Dungeons/Abandoned Ship/​HF - Hidden Item in Room 1"
                    }
                ],
                "map_locations": [
                    {
                        "map": "abandonedship",
                        "x": 281,
                        "y": 312
                    }
                ]
            },
            {
                "name": "Room 2",
                "sections": [
                    {
                        "ref": "Dungeons/Abandoned Ship/HF - Item in Room 2"
                    },
                    {
                        "ref": "Dungeons/Abandoned Ship/​HF - Item in Room 2"
                    }
                ],
                "map_locations": [
                    {
                        "map": "abandonedship",
                        "x": 329,
                        "y": 312
                    }
                ]
            },
            {
                "name": "Room 3",
                "sections": [
                    {
                        "ref": "Dungeons/Abandoned Ship/HF - Item in Room 3"
                    },
                    {
                        "ref": "Dungeons/Abandoned Ship/HF - Hidden Item in Room 3"
                    },
                    {
                        "ref": "Dungeons/Abandoned Ship/​HF - Hidden Item in Room 3"
                    }
                ],
                "map_locations": [
                    {
                        "map": "abandonedship",
                        "x": 377,
                        "y": 312
                    }
                ]
            },
            {
                "name": "Room 4",
                "sections": [
                    {
                        "ref": "Dungeons/Abandoned Ship/HF - Hidden Item in Room 4"
                    },
                    {
                        "ref": "Dungeons/Abandoned Ship/​HF - Hidden Item in Room 4"
                    }
                ],
                "map_locations": [
                    {
                        "map": "abandonedship",
                        "x": 281,
                        "y": 276
                    }
                ]
            },
            {
                "name": "Room 6",
                "sections": [
                    {
                        "ref": "Dungeons/Abandoned Ship/HF - Item in Room 6"
                    },
                    {
                        "ref": "Dungeons/Abandoned Ship/HF - Hidden Item in Room 5"
                    },
                    {
                        "ref": "Dungeons/Abandoned Ship/​HF - Hidden Item in Room 5"
                    }
                ],
                "map_locations": [
                    {
                        "map": "abandonedship",
                        "x": 377,
                        "y": 276
                    }
                ]
            },
            {
                "name": "",
                "sections": [
                    {
                        "ref": "Routes/Safari Zone/N - Item in Grass"
                    }
                ],
                "map_locations": [
                    {
                        "map": "safari",
                        "x": 760,
                        "y": 104
                    }
                ]
            },
            {
                "name": "",
                "sections": [
                    {
                        "ref": "Routes/Safari Zone/SW - Item Behind Pond"
                    }
                ],
                "map_locations": [
                    {
                        "map": "safari",
                        "x": 16,
                        "y": 1240
                    }
                ]
            },
            {
                "name": "",
                "sections": [
                    {
                        "ref": "Routes/Safari Zone/NW - Item Behind Pond"
                    }
                ],
                "map_locations": [
                    {
                        "map": "safari",
                        "x": 538,
                        "y": 120
                    }
                ]
            },
            {
                "name": "",
                "sections": [
                    {
                        "ref": "Routes/Safari Zone/SE - Item in Grass"
                    }
                ],
                "map_locations": [
                    {
                        "map": "safari",
                        "x": 1786,
                        "y": 888
                    }
                ]
            },
            {
                "name": "",
                "sections": [
                    {
                        "ref": "Routes/Safari Zone/SE - Hidden Item in South Grass 1"
                    }
                ],
                "map_locations": [
                    {
                        "map": "safari",
                        "x": 1800,
                        "y": 1176
                    }
                ]
            },
            {
                "name": "",
                "sections": [
                    {
                        "ref": "Routes/Safari Zone/SE - Hidden Item in South Grass 2"
                    }
                ],
                "map_locations": [
                    {
                        "map": "safari",
                        "x": 1592,
                        "y": 1224
                    }
                ]
            },
            {
                "name": "",
                "sections": [
                    {
                        "ref": "Routes/Safari Zone/NE - Item on Ledge"
                    }
                ],
                "map_locations": [
                    {
                        "map": "safari",
                        "x": 1410,
                        "y": 276
                    }
                ]
            },
            {
                "name": "",
                "sections": [
                    {
                        "ref": "Routes/Safari Zone/NE - Hidden Item East"
                    }
                ],
                "map_locations": [
                    {
                        "map": "safari",
                        "x": 1782,
                        "y": 566
                    }
                ]
            },
            {
                "name": "",
                "sections": [
                    {
                        "ref": "Routes/Safari Zone/NE - Hidden Item North"
                    }
                ],
                "map_locations": [
                    {
                        "map": "safari",
                        "x": 1624,
                        "y": 88
                    }
                ]
            },
            {
                "name": "",
                "sections": [
                    {
                        "ref": "Dungeons/Mt. Pyre/1F - Cleanse Tag from Woman in NE Corner"
                    }
                ],
                "map_locations": [
                    {
                        "map": "mtpyre_int",
                        "x": 296,
                        "y": 40
                    }
                ]
            },
            {
                "name": "",
                "sections": [
                    {
                        "ref": "Dungeons/Mt. Pyre/2F - Item"
                    }
                ],
                "map_locations": [
                    {
                        "map": "mtpyre_int",
                        "x": 318,
                        "y": 170
                    }
                ]
            },
            {
                "name": "",
                "sections": [
                    {
                        "ref": "Dungeons/Mt. Pyre/3F - Item"
                    }
                ],
                "map_locations": [
                    {
                        "map": "mtpyre_int",
                        "x": 534,
                        "y": 124
                    }
                ]
            },
            {
                "name": "",
                "sections": [
                    {
                        "ref": "Dungeons/Mt. Pyre/4F - Item"
                    }
                ],
                "map_locations": [
                    {
                        "map": "mtpyre_int",
                        "x": 56,
                        "y": 488
                    }
                ]
            },
            {
                "name": "",
                "sections": [
                    {
                        "ref": "Dungeons/Mt. Pyre/5F - Item"
                    }
                ],
                "map_locations": [
                    {
                        "map": "mtpyre_int",
                        "x": 320,
                        "y": 490
                    }
                ]
            },
            {
                "name": "",
                "sections": [
                    {
                        "ref": "Dungeons/Mt. Pyre/6F - Item"
                    }
                ],
                "map_locations": [
                    {
                        "map": "mtpyre_int",
                        "x": 536,
                        "y": 458
                    }
                ]
            },
            {
                "name": "",
                "sections": [
                    {
                        "ref": "Dungeons/Mt. Pyre/Exterior - Item 2"
                    }
                ],
                "map_locations": [
                    {
                        "map": "mtpyre_ext",
                        "x": 440,
                        "y": 230
                    }
                ]
            },
            {
                "name": "",
                "sections": [
                    {
                        "ref": "Dungeons/Mt. Pyre/Exterior - Item 1"
                    }
                ],
                "map_locations": [
                    {
                        "map": "mtpyre_ext",
                        "x": 304,
                        "y": 644
                    }
                ]
            },
            {
                "name": "",
                "sections": [
                    {
                        "ref": "Dungeons/Mt. Pyre/Exterior - Hidden Item First Grave"
                    }
                ],
                "map_locations": [
                    {
                        "map": "mtpyre_ext",
                        "x": 264,
                        "y": 360
                    }
                ]
            },
            {
                "name": "",
                "sections": [
                    {
                        "ref": "Dungeons/Mt. Pyre/Exterior - Hidden Item Second Grave"
                    }
                ],
                "map_locations": [
                    {
                        "map": "mtpyre_ext",
                        "x": 150,
                        "y": 136
                    }
                ]
            },
            {
                "name": "",
                "sections": [
                    {
                        "ref": "Dungeons/Mt. Pyre/Summit - Hidden Item in Grass"
                    }
                ],
                "map_locations": [
                    {
                        "map": "mtpyre_ext",
                        "x": 1208,
                        "y": 120
                    }
                ]
            },
            {
                "name": "",
                "sections": [
                    {
                        "ref": "Dungeons/Mt. Pyre/Summit - Hidden Item Grave"
                    }
                ],
                "map_locations": [
                    {
                        "map": "mtpyre_ext",
                        "x": 760,
                        "y": 410
                    }
                ]
            },
            {
                "name": "",
                "sections": [
                    {
                        "ref": "Dungeons/Mt. Pyre/Summit - Magma Emblem from Old Lady"
                    },
                    {
                        "ref": "Dungeons/Mt. Pyre/​Summit - Magma Emblem from Old Lady"
                    }
                ],
                "map_locations": [
                    {
                        "map": "mtpyre_ext",
                        "x": 984,
                        "y": 126
                    }
                ]
            },
            {
                "name": "",
                "sections": [
                    {
                        "ref": "Dungeons/Team Aqua Hideout/B1F - Item in Center Room 1"
                    }
                ],
                "map_locations": [
                    {
                        "map": "aquahideout",
                        "x": 254,
                        "y": 156
                    }
                ]
            },
            {
                "name": "",
                "sections": [
                    {
                        "ref": "Dungeons/Team Aqua Hideout/B1F - Item in East Room"
                    }
                ],
                "map_locations": [
                    {
                        "map": "aquahideout",
                        "x": 446,
                        "y": 176
                    }
                ]
            },
            {
                "name": "",
                "sections": [
                    {
                        "ref": "Dungeons/Team Aqua Hideout/B1F - Item in Center Room 2"
                    }
                ],
                "map_locations": [
                    {
                        "map": "aquahideout",
                        "x": 254,
                        "y": 177
                    }
                ]
            },
            {
                "name": "",
                "sections": [
                    {
                        "ref": "Dungeons/Team Aqua Hideout/B2F - Item in Long Hallway"
                    }
                ],
                "map_locations": [
                    {
                        "map": "aquahideout",
                        "x": 600,
                        "y": 223
                    }
                ]
            },
            {
                "name": "",
                "sections": [
                    {
                        "ref": "Dungeons/Team Aqua Hideout/B2F - Defeat Matt"
                    }
                ],
                "map_locations": [
                    {
                        "map": "aquahideout",
                        "x": 934,
                        "y": 324
                    }
                ]
            },
            {
                "name": "",
                "sections": [
                    {
                        "ref": "Dungeons/Shoal Cave/Entrance - Item on Ledge"
                    }
                ],
                "map_locations": [
                    {
                        "map": "shoalcave",
                        "x": 664,
                        "y": 664
                    }
                ]
            },
            {
                "name": "",
                "sections": [
                    {
                        "ref": "Dungeons/Shoal Cave/Inner Room - Item in Center"
                    }
                ],
                "map_locations": [
                    {
                        "map": "shoalcave",
                        "x": 424,
                        "y": 284
                    }
                ]
            },
            {
                "name": "",
                "sections": [
                    {
                        "ref": "Dungeons/Shoal Cave/Stairs Room - Item"
                    }
                ],
                "map_locations": [
                    {
                        "map": "shoalcave",
                        "x": 1528,
                        "y": 808
                    }
                ]
            },
            {
                "name": "",
                "sections": [
                    {
                        "ref": "Dungeons/Shoal Cave/Ice Room - Item 1"
                    }
                ],
                "map_locations": [
                    {
                        "map": "shoalcave",
                        "x": 1685,
                        "y": 496
                    }
                ]
            },
            {
                "name": "",
                "sections": [
                    {
                        "ref": "Dungeons/Shoal Cave/Ice Room - Item 2"
                    }
                ],
                "map_locations": [
                    {
                        "map": "shoalcave",
                        "x": 1689,
                        "y": 275
                    }
                ]
            },
            {
                "name": "",
                "sections": [
                    {
                        "ref": "Dungeons/Shoal Cave/Lower Room - Focus Band from Black Belt"
                    }
                ],
                "map_locations": [
                    {
                        "map": "shoalcave",
                        "x": 1496,
                        "y": 916
                    }
                ]
            },
            {
                "name": "",
                "sections": [
                    {
                        "ref": "Dungeons/Victory Road/1F - Item East"
                    }
                ],
                "map_locations": [
                    {
                        "map": "victoryroad",
                        "x": 648,
                        "y": 424
                    }
                ]
            },
            {
                "name": "",
                "sections": [
                    {
                        "ref": "Dungeons/Victory Road/1F - Item on Southeast Ledge"
                    }
                ],
                "map_locations": [
                    {
                        "map": "victoryroad",
                        "x": 598,
                        "y": 630
                    }
                ]
            },
            {
                "name": "",
                "sections": [
                    {
                        "ref": "Dungeons/Victory Road/1F - Hidden Item on Southeast Ledge"
                    }
                ],
                "map_locations": [
                    {
                        "map": "victoryroad",
                        "x": 486,
                        "y": 636
                    }
                ]
            },
            {
                "name": "",
                "sections": [
                    {
                        "ref": "Dungeons/Victory Road/B1F - Item Behind Boulders"
                    }
                ],
                "map_locations": [
                    {
                        "map": "victoryroad",
                        "x": 1268,
                        "y": 74
                    }
                ]
            },
            {
                "name": "",
                "sections": [
                    {
                        "ref": "Dungeons/Victory Road/B1F - Item on Northeast Ledge"
                    }
                ],
                "map_locations": [
                    {
                        "map": "victoryroad",
                        "x": 1428,
                        "y": 152
                    }
                ]
            },
            {
                "name": "",
                "sections": [
                    {
                        "ref": "Dungeons/Victory Road/B2F - Item Above Waterfall"
                    }
                ],
                "map_locations": [
                    {
                        "map": "victoryroad",
                        "x": 968,
                        "y": 664
                    }
                ]
            },
            {
                "name": "",
                "sections": [
                    {
                        "ref": "Dungeons/Victory Road/B2F - Hidden Item Above Waterfall"
                    }
                ],
                "map_locations": [
                    {
                        "map": "victoryroad",
                        "x": 1208,
                        "y": 618
                    }
                ]
            },
            {
                "name": "",
                "sections": [
                    {
                        "ref": "Dungeons/Victory Road/B2F - Hidden Item in Northeast Corner"
                    }
                ],
                "map_locations": [
                    {
                        "map": "victoryroad",
                        "x": 1352,
                        "y": 552
                    }
                ]
            },
            {
                "name": "",
                "sections": [
                    {
                        "name": "Route 132 - Item 1",
                        "ref": "Routes/Route 132/Item 1"
                    }
                ],
                "map_locations": [
                    {
                        "map": "rt132_134",
                        "x": 2580,
                        "y": 440
                    }
                ]
            },
            {
                "name": "",
                "sections": [
                    {
                        "name": "Route 132 - Item 2",
                        "ref": "Routes/Route 132/Item 2"
                    }
                ],
                "map_locations": [
                    {
                        "map": "rt132_134",
                        "x": 2316,
                        "y": 218
                    }
                ]
            },
            {
                "name": "",
                "sections": [
                    {
                        "name": "Route 133 - Item 1",
                        "ref": "Routes/Route 133/Item 1"
                    }
                ],
                "map_locations": [
                    {
                        "map": "rt132_134",
                        "x": 1820,
                        "y": 192
                    }
                ]
            },
            {
                "name": "",
                "sections": [
                    {
                        "name": "Route 133 - Item 2",
                        "ref": "Routes/Route 133/Item 2"
                    }
                ],
                "map_locations": [
                    {
                        "map": "rt132_134",
                        "x": 1740,
                        "y": 460
                    }
                ]
            },
            {
                "name": "",
                "sections": [
                    {
                        "name": "Route 133 - Item 3",
                        "ref": "Routes/Route 133/Item 3"
                    }
                ],
                "map_locations": [
                    {
                        "map": "rt132_134",
                        "x": 1112,
                        "y": 160
                    }
                ]
            },
            {
                "name": "",
                "sections": [
                    {
                        "name": "Route 134 - Item 1",
                        "ref": "Routes/Route 134/Item 1"
                    }
                ],
                "map_locations": [
                    {
                        "map": "rt132_134",
                        "x": 512,
                        "y": 256
                    }
                ]
            },
            {
                "name": "",
                "sections": [
                    {
                        "name": "Route 134 - Item 2",
                        "ref": "Routes/Route 134/Item 2"
                    }
                ],
                "map_locations": [
                    {
                        "map": "rt132_134",
                        "x": 40,
                        "y": 440
                    }
                ]
            },
            {
                "name": "",
                "sections": [
                    {
                        "ref": "Dungeons/Team Magma Hideout/1F - Item on Ledge"
                    }
                ],
                "map_locations": [
                    {
                        "map": "magmahideout",
                        "x": 56,
                        "y": 324
                    }
                ]
            },
            {
                "name": "",
                "sections": [
                    {
                        "ref": "Dungeons/Team Magma Hideout/1F - Team Magma Grunt 1"
                    }
                ],
                "map_locations": [
                    {
                        "map": "magmahideout",
                        "x": 470,
                        "y": 327
                    }
                ]
            },
            {
                "name": "",
                "sections": [
                    {
                        "ref": "Dungeons/Team Magma Hideout/1F - Team Magma Grunt 2"
                    }
                ],
                "map_locations": [
                    {
                        "map": "magmahideout",
                        "x": 75,
                        "y": 88
                    }
                ]
            },
            {
                "name": "",
                "sections": [
                    {
                        "ref": "Dungeons/Team Magma Hideout/2F - Item on East Platform"
                    }
                ],
                "map_locations": [
                    {
                        "map": "magmahideout",
                        "x": 1398,
                        "y": 277
                    }
                ]
            },
            {
                "name": "",
                "sections": [
                    {
                        "ref": "Dungeons/Team Magma Hideout/2F - Item on West Platform"
                    }
                ],
                "map_locations": [
                    {
                        "map": "magmahideout",
                        "x": 1289,
                        "y": 260
                    }
                ]
            },
            {
                "name": "",
                "sections": [
                    {
                        "ref": "Dungeons/Team Magma Hideout/2F - Team Magma Grunt 1"
                    }
                ],
                "map_locations": [
                    {
                        "map": "magmahideout",
                        "x": 904,
                        "y": 163
                    }
                ]
            },
            {
                "name": "",
                "sections": [
                    {
                        "ref": "Dungeons/Team Magma Hideout/2F - Team Magma Grunt 2"
                    }
                ],
                "map_locations": [
                    {
                        "map": "magmahideout",
                        "x": 728,
                        "y": 119
                    }
                ]
            },
            {
                "name": "",
                "sections": [
                    {
                        "ref": "Dungeons/Team Magma Hideout/2F - Team Magma Grunt 3"
                    }
                ],
                "map_locations": [
                    {
                        "map": "magmahideout",
                        "x": 771,
                        "y": 274
                    }
                ]
            },
            {
                "name": "",
                "sections": [
                    {
                        "ref": "Dungeons/Team Magma Hideout/2F - Team Magma Grunt 4"
                    }
                ],
                "map_locations": [
                    {
                        "map": "magmahideout",
                        "x": 810,
                        "y": 307
                    }
                ]
            },
            {
                "name": "",
                "sections": [
                    {
                        "ref": "Dungeons/Team Magma Hideout/2F - Team Magma Grunt 5"
                    }
                ],
                "map_locations": [
                    {
                        "map": "magmahideout",
                        "x": 1174,
                        "y": 365
                    }
                ]
            },
            {
                "name": "",
                "sections": [
                    {
                        "ref": "Dungeons/Team Magma Hideout/2F - Team Magma Grunt 6"
                    }
                ],
                "map_locations": [
                    {
                        "map": "magmahideout",
                        "x": 1190,
                        "y": 305
                    }
                ]
            },
            {
                "name": "",
                "sections": [
                    {
                        "ref": "Dungeons/Team Magma Hideout/2F - Team Magma Grunt 7"
                    }
                ],
                "map_locations": [
                    {
                        "map": "magmahideout",
                        "x": 1443,
                        "y": 317
                    }
                ]
            },
            {
                "name": "",
                "sections": [
                    {
                        "ref": "Dungeons/Team Magma Hideout/2F - Team Magma Grunt 8"
                    }
                ],
                "map_locations": [
                    {
                        "map": "magmahideout",
                        "x": 1524,
                        "y": 288
                    }
                ]
            },
            {
                "name": "",
                "sections": [
                    {
                        "ref": "Dungeons/Team Magma Hideout/3F - Item After Groudon"
                    }
                ],
                "map_locations": [
                    {
                        "map": "magmahideout",
                        "x": 1502,
                        "y": 915
                    }
                ]
            },
            {
                "name": "",
                "sections": [
                    {
                        "ref": "Dungeons/Team Magma Hideout/3F - Item Before Last Floor"
                    }
                ],
                "map_locations": [
                    {
                        "map": "magmahideout",
                        "x": 153,
                        "y": 866
                    }
                ]
            },
            {
                "name": "",
                "sections": [
                    {
                        "ref": "Dungeons/Team Magma Hideout/3F - Item in Drill Room"
                    }
                ],
                "map_locations": [
                    {
                        "map": "magmahideout",
                        "x": 149,
                        "y": 1122
                    }
                ]
            },
            {
                "name": "",
                "sections": [
                    {
                        "ref": "Dungeons/Team Magma Hideout/3F - Team Magma Grunt 1"
                    }
                ],
                "map_locations": [
                    {
                        "map": "magmahideout",
                        "x": 41,
                        "y": 719
                    }
                ]
            },
            {
                "name": "",
                "sections": [
                    {
                        "ref": "Dungeons/Team Magma Hideout/3F - Team Magma Grunt 2"
                    }
                ],
                "map_locations": [
                    {
                        "map": "magmahideout",
                        "x": 342,
                        "y": 942
                    }
                ]
            },
            {
                "name": "",
                "sections": [
                    {
                        "ref": "Dungeons/Team Magma Hideout/3F - Team Magma Grunt 3"
                    }
                ],
                "map_locations": [
                    {
                        "map": "magmahideout",
                        "x": 322,
                        "y": 1024
                    }
                ]
            },
            {
                "name": "",
                "sections": [
                    {
                        "ref": "Dungeons/Team Magma Hideout/4F - Item Before Groudon"
                    }
                ],
                "map_locations": [
                    {
                        "map": "magmahideout",
                        "x": 501,
                        "y": 721
                    }
                ]
            },
            {
                "name": "",
                "sections": [
                    {
                        "ref": "Dungeons/Team Magma Hideout/4F - Magma Admin Tabitha"
                    }
                ],
                "map_locations": [
                    {
                        "map": "magmahideout",
                        "x": 793,
                        "y": 672
                    }
                ]
            },
            {
                "name": "",
                "sections": [
                    {
                        "ref": "Dungeons/Team Magma Hideout/4F - Magma Leader Maxie"
                    },
                    {
                        "ref": "Dungeons/Team Magma Hideout/Release Groudon"
                    }
                ],
                "map_locations": [
                    {
                        "map": "magmahideout",
                        "x": 734,
                        "y": 944
                    }
                ]
            },
            {
                "name": "",
                "sections": [
                    {
                        "ref": "Dungeons/Team Magma Hideout/4F - Team Magma Grunt 1"
                    }
                ],
                "map_locations": [
                    {
                        "map": "magmahideout",
                        "x": 945,
                        "y": 945
                    }
                ]
            },
            {
                "name": "",
                "sections": [
                    {
                        "ref": "Dungeons/Team Magma Hideout/4F - Team Magma Grunt 2"
                    }
                ],
                "map_locations": [
                    {
                        "map": "magmahideout",
                        "x": 932,
                        "y": 800
                    }
                ]
            },
            {
                "name": "",
                "sections": [
                    {
                        "ref": "Dungeons/Team Magma Hideout/4F - Team Magma Grunt 3"
                    }
                ],
                "map_locations": [
                    {
                        "map": "magmahideout",
                        "x": 856,
                        "y": 800
                    }
                ]
            },
            {
                "name": "",
                "sections": [
                    {
                        "ref": "Dungeons/Artisan Cave/B1F - Hidden Item 2"
                    }
                ],
                "map_locations": [
                    {
                        "map": "artisancave",
                        "x": 506,
                        "y": 483
                    }
                ]
            },
            {
                "name": "",
                "sections": [
                    {
                        "ref": "Dungeons/Artisan Cave/B1F - Item"
                    }
                ],
                "map_locations": [
                    {
                        "map": "artisancave",
                        "x": 650,
                        "y": 427
                    }
                ]
            },
            {
                "name": "",
                "sections": [
                    {
                        "ref": "Dungeons/Artisan Cave/B1F - Hidden Item 4"
                    }
                ],
                "map_locations": [
                    {
                        "map": "artisancave",
                        "x": 649,
                        "y": 327
                    }
                ]
            },
            {
                "name": "",
                "sections": [
                    {
                        "ref": "Dungeons/Artisan Cave/B1F - Hidden Item 1"
                    }
                ],
                "map_locations": [
                    {
                        "map": "artisancave",
                        "x": 594,
                        "y": 93
                    }
                ]
            },
            {
                "name": "",
                "sections": [
                    {
                        "ref": "Dungeons/Artisan Cave/1F - Item"
                    }
                ],
                "map_locations": [
                    {
                        "map": "artisancave",
                        "x": 216,
                        "y": 87
                    }
                ]
            },
            {
                "name": "",
                "sections": [
                    {
                        "ref": "Dungeons/Artisan Cave/B1F - Hidden Item 3"
                    }
                ],
                "map_locations": [
                    {
                        "map": "artisancave",
                        "x": 372,
                        "y": 60
                    }
                ]
            }
        ]
    }
]